{
"link_num" : 6,
"links" : [
{"name" : "1", "orientation" : "Y", "width" : 0.1, "height" : 0.3, "depth" : 0.1, "initConfig" : 1.57, "euler" : [90.0, 0.0, 0.0], "trans" : [0.0, 0.0, 0.0]},
{"name" : "2", "orientation" : "X", "width" : 0.1, "height" : 0.3, "depth" : 0.1, "initConfig" : 0.0, "euler" : [90.0, 90.0, 0.0], "trans" : [0.0, 0.0, 0.3]},
{"name" : "3", "orientation" : "Y", "width" : 0.1, "height" : 0.3, "depth" : 0.1, "initConfig" : 0.0, "euler" : [90.0, 0.0, 0.0], "trans" : [0.0, 0.0, 0.3]},
{"name" : "4", "orientation" : "X", "width" : 0.1, "height" : 0.3, "depth" : 0.1, "initConfig" : 0.0, "euler" : [90.0, 90.0, 0.0], "trans" : [0.0, 0.0, 0.3]},
{"name" : "3", "orientation" : "Y", "width" : 0.1, "height" : 0.3, "depth" : 0.1, "initConfig" : 0.0, "euler" : [90.0, 0.0, 0.0], "trans" : [0.0, 0.0, 0.3]},
{"name" : "4", "orientation" : "X", "width" : 0.1, "height" : 0.3, "depth" : 0.1, "initConfig" : 0.0, "euler" : [90.0, 90.0, 0.0], "trans" : [0.0, 0.0, 0.3]}
],
"plane" : [
{"plane_pos" : [0.0, 0.0, 0.0], "plane_size" : [8.0, 8.0, 0.02]}],
"start" : [1.57, 0.0, 0.0, 0.0, 0.0, 0.0, 0.0, 0.0, 0.0, 0.0, 0.0, 0.0],
"goal" :  [-1.57, 0.0, 0.0, -1.57, 0.0, -1.57, 0.0, -4, 0.0, 4, 0, 4],
"di_pos" : [0.0, 0.0, 0.0],
"obstacles": [
{"type": "hypercube", "center": [0, 0.3, 0.0], "size": [2, 0.2, 0.2]},
{"type": "hypercube", "center": [0, -0.5, 0.0], "size": [2, 0.2, 0.2]},
{"type": "hypercube", "center": [0, 0.8, 0], "size": [2, 0.2, 2]}
]
}
